{"stats":{"minecraft:used":{"minecraft:dirt":4},"minecraft:custom":{"minecraft:jump":101,"minecraft:time_since_rest":1371,"minecraft:damage_dealt":9,"minecraft:leave_game":1,"minecraft:deaths":2,"minecraft:play_time":25837,"minecraft:damage_taken":575,"minecraft:time_since_death":192,"minecraft:walk_one_cm":8778,"minecraft:total_world_time":25837,"minecraft:fall_one_cm":3446,"minecraft:fly_one_cm":1781},"minecraft:picked_up":{"minecraft:wheat_seeds":1,"minecraft:dirt":5},"minecraft:mined":{"minecraft:grass":9,"minecraft:tall_grass":1,"minecraft:grass_block":2,"minecraft:dirt":3},"minecraft:killed_by":{"minecraft:zombie":1,"minecraft:spider":1}},"DataVersion":3465}