{"stats":{"minecraft:killed":{"minecraft:pig":1},"minecraft:mined":{"minecraft:oak_door":5,"minecraft:dandelion":1,"minecraft:crafting_table":4,"minecraft:grass_block":23,"ecologics:walnut_leaves":9,"minecraft:tall_grass":16,"ecologics:coconut_log":8,"ecologics:seashell":1,"minecraft:birch_log":22,"minecraft:yellow_bed":2,"minecraft:grass":25,"chococraft:gysahl_green":7,"minecraft:oak_log":34,"minecraft:gravel":5,"minecraft:dirt":31,"ecologics:walnut_log":14,"minecraft:tripwire_hook":1,"minecraft:oak_leaves":3},"minecraft:crafted":{"minecraft:oak_planks":44,"minecraft:crafting_table":3,"minecraft:wooden_pickaxe":1,"ecologics:walnut_planks":4,"minecraft:birch_planks":4,"ecologics:walnut_wood":3,"minecraft:oak_boat":1,"minecraft:stick":4,"minecraft:stone_pickaxe":1,"minecraft:stone_sword":1},"minecraft:dropped":{"minecraft:oak_door":9,"chococraft:loverly_gysahl_green":4,"minecraft:wheat_seeds":6,"ecologics:walnut_sapling":3,"minecraft:dirt":13,"minecraft:oak_sapling":6,"minecraft:string":2,"chococraft:gysahl_green":42,"minecraft:dandelion":38},"minecraft:killed_by":{"minecraft:creeper":1,"minecraft:pillager":1},"minecraft:used":{"minecraft:stone_sword":5,"minecraft:stone_pickaxe":7,"minecraft:wooden_pickaxe":1,"minecraft:dirt":48,"minecraft:crafting_table":4,"minecraft:bread":2,"minecraft:gravel":11,"minecraft:birch_log":5,"chococraft:gysahl_green":10,"minecraft:yellow_bed":2,"minecraft:oak_boat":1},"minecraft:picked_up":{"minecraft:birch_log":22,"chococraft:loverly_gysahl_green":5,"minecraft:crafting_table":3,"minecraft:azure_bluet":2,"minecraft:tripwire_hook":1,"ecologics:seashell":1,"minecraft:flint":1,"minecraft:oak_log":52,"minecraft:yellow_bed":3,"minecraft:dirt":61,"minecraft:cornflower":14,"minecraft:string":1,"minecraft:blue_orchid":3,"chococraft:gysahl_green":56,"ecologics:walnut_sapling":3,"minecraft:wheat_seeds":7,"minecraft:orange_tulip":37,"minecraft:white_tulip":27,"minecraft:oak_boat":1,"minecraft:acacia_sapling":1,"minecraft:stick":1,"minecraft:oak_door":14,"ecologics:walnut_log":14,"minecraft:dandelion":38,"minecraft:gravel":11,"minecraft:porkchop":2,"chococraft:gysahl_green_seeds":12,"minecraft:lily_of_the_valley":5,"ecologics:coconut_log":8,"minecraft:red_tulip":13,"minecraft:pink_tulip":6,"minecraft:bread":11,"minecraft:oak_sapling":3,"minecraft:cobblestone":13},"minecraft:custom":{"minecraft:mob_kills":1,"minecraft:interact_with_crafting_table":5,"minecraft:open_barrel":4,"minecraft:leave_game":1,"minecraft:time_since_death":50541,"minecraft:sleep_in_bed":2,"minecraft:time_since_rest":50692,"minecraft:sprint_one_cm":120,"minecraft:damage_taken":880,"minecraft:walk_one_cm":819683,"minecraft:drop":16,"minecraft:damage_dealt":209,"minecraft:fly_one_cm":6280,"minecraft:open_chest":4,"minecraft:play_time":190236,"minecraft:deaths":2,"minecraft:sneak_time":3,"minecraft:walk_under_water_one_cm":18077,"minecraft:boat_one_cm":153474,"minecraft:jump":1959,"minecraft:walk_on_water_one_cm":87871,"minecraft:total_world_time":190236,"minecraft:fall_one_cm":19427}},"DataVersion":3465}