{"stats":{"minecraft:dropped":{"minecraft:oak_planks":2,"minecraft:wheat_seeds":2},"minecraft:mined":{"minecraft:grass":14,"minecraft:grass_block":3,"minecraft:dirt":3,"minecraft:tall_grass":5},"minecraft:killed_by":{"minecraft:zombie":2},"minecraft:picked_up":{"minecraft:wheat_seeds":6,"minecraft:oak_planks":2,"minecraft:dirt":23},"minecraft:used":{"minecraft:dirt":1},"minecraft:custom":{"minecraft:time_since_rest":6670,"minecraft:open_chest":1,"minecraft:damage_taken":540,"minecraft:crouch_one_cm":868,"minecraft:sprint_one_cm":8417,"minecraft:play_time":11456,"minecraft:deaths":2,"minecraft:walk_one_cm":3841,"minecraft:sneak_time":357,"minecraft:drop":3,"minecraft:jump":83,"minecraft:leave_game":5,"minecraft:time_since_death":6644,"minecraft:total_world_time":11456,"minecraft:fall_one_cm":2322,"minecraft:fly_one_cm":18982}},"DataVersion":3465}