{"stats":{"minecraft:broken":{"minecraft:stone_pickaxe":1,"minecraft:wooden_axe":1,"minecraft:stone_shovel":1},"minecraft:killed":{"minecraft:spider":5,"naturalist:deer":1,"minecraft:pig":5,"minecraft:sheep":8,"minecraft:zombie":14,"minecraft:cow":6},"minecraft:crafted":{"minecraft:smooth_stone":3,"minecraft:oak_planks":204,"minecraft:stone_shovel":1,"minecraft:oak_sign":3,"comforts:sleeping_bag_white":1,"ecologics:walnut_planks":20,"minecraft:furnace":2,"minecraft:blast_furnace":1,"minecraft:stone":3,"minecraft:cooked_mutton":17,"minecraft:oak_trapdoor":4,"sophisticatedbackpacks:copper_backpack":1,"minecraft:iron_boots":1,"minecraft:iron_axe":1,"minecraft:stone_pickaxe":4,"minecraft:chest":8,"minecraft:stone_hoe":2,"minecraft:oak_fence":45,"sophisticatedbackpacks:iron_backpack":1,"minecraft:wheat":63,"minecraft:cooked_beef":3,"minecraft:wooden_shovel":1,"sophisticatedbackpacks:backpack":1,"minecraft:emerald":1,"minecraft:cooked_porkchop":11,"minecraft:crafting_table":4,"minecraft:baked_potato":8,"minecraft:iron_helmet":1,"minecraft:wooden_pickaxe":1,"minecraft:copper_ingot":23,"sophisticatedbackpacks:gold_backpack":1,"minecraft:bucket":1,"minecraft:stone_axe":1,"minecraft:bread":31,"minecraft:air":0,"minecraft:oak_fence_gate":4,"minecraft:oak_boat":2,"minecraft:iron_chestplate":1,"expanded_combat:iron_quiver":1,"minecraft:shield":1,"minecraft:stick":112,"minecraft:iron_ingot":55,"minecraft:iron_pickaxe":1,"minecraft:wooden_axe":2,"minecraft:stone_sword":1,"minecraft:iron_shovel":1,"minecraft:iron_leggings":1,"minecraft:white_bed":1,"minecraft:acacia_planks":72,"minecraft:torch":36},"minecraft:mined":{"minecraft:large_amethyst_bud":2,"minecraft:white_bed":7,"minecraft:farmland":3,"minecraft:brewing_stand":1,"minecraft:acacia_log":33,"minecraft:grass_block":99,"sawmill:sawmill":1,"minecraft:oak_pressure_plate":1,"minecraft:moss_block":1,"minecraft:large_fern":3,"minecraft:hay_block":7,"minecraft:furnace":2,"minecraft:nether_sprouts":4,"minecraft:iron_ore":65,"minecraft:andesite":1,"minecraft:stripped_spruce_log":9,"minecraft:pumpkin":13,"minecraft:peony":3,"minecraft:azure_bluet":1,"minecraft:potatoes":14,"chococraft:gysahl_green":244,"minecraft:bookshelf":56,"minecraft:cobblestone_slab":1,"minecraft:deepslate_iron_ore":1,"minecraft:small_amethyst_bud":2,"minecraft:potted_cornflower":1,"ecologics:walnut_log":5,"minecraft:blue_orchid":22,"minecraft:stone":111,"sophisticatedbackpacks:backpack":1,"minecraft:spruce_slab":1,"minecraft:smithing_table":1,"minecraft:scaffolding":1,"minecraft:medium_amethyst_bud":2,"minecraft:smoker":1,"minecraft:oak_fence":4,"minecraft:crafting_table":3,"minecraft:cornflower":35,"minecraft:torch":10,"minecraft:blast_furnace":1,"minecraft:poppy":1,"minecraft:warped_roots":3,"minecraft:chest":3,"minecraft:campfire":2,"minecraft:copper_ore":7,"minecraft:tall_grass":47,"minecraft:cobblestone":5,"minecraft:deepslate_coal_ore":6,"minecraft:oak_planks":2,"minecraft:wall_torch":5,"minecraft:spruce_stairs":2,"minecraft:coarse_dirt":2,"minecraft:wheat":270,"minecraft:birch_leaves":21,"minecraft:orange_tulip":2,"minecraft:yellow_bed":7,"minecraft:grass":181,"minecraft:potted_azure_bluet":1,"minecraft:coal_ore":176,"minecraft:oak_log":99,"minecraft:gravel":8,"minecraft:dirt":86,"ecologics:walnut_planks":3,"minecraft:polished_andesite":2,"minecraft:oak_leaves":30,"minecraft:fern":27},"minecraft:dropped":{"minecraft:bread":11,"minecraft:wheat_seeds":56,"minecraft:oak_log":18,"chococraft:gold_gysahl":1,"minecraft:cobblestone":11,"minecraft:book":3,"minecraft:warped_roots":1,"chococraft:gysahl_green_seeds":26,"minecraft:spruce_stairs":2,"minecraft:polished_andesite":3,"minecraft:dirt":4,"minecraft:string":2,"minecraft:white_wool":2,"minecraft:bone":2,"minecraft:gravel":7,"minecraft:furnace":1,"minecraft:coarse_dirt":2,"minecraft:rotten_flesh":2,"minecraft:oak_planks":4,"minecraft:poppy":1,"minecraft:yellow_bed":1,"chococraft:gysahl_green":32},"minecraft:killed_by":{"minecraft:creeper":1,"minecraft:pillager":1,"minecraft:zombie":1,"naturalist:bear":1},"minecraft:picked_up":{"chococraft:loverly_gysahl_green":32,"minecraft:crafting_table":3,"minecraft:charcoal":6,"minecraft:coarse_dirt":2,"minecraft:wheat":215,"minecraft:azure_bluet":1,"minecraft:flower_pot":2,"naturalist:venison":2,"minecraft:smithing_table":1,"minecraft:brewing_stand":1,"minecraft:cornflower":41,"minecraft:string":9,"minecraft:moss_carpet":8,"minecraft:raw_copper":23,"minecraft:blue_orchid":24,"minecraft:oak_sign":2,"minecraft:beef":10,"sawmill:sawmill":1,"minecraft:oak_boat":3,"minecraft:cobblestone_slab":1,"minecraft:poppy":1,"minecraft:spruce_slab":1,"minecraft:chest":3,"minecraft:birch_sapling":4,"minecraft:furnace":2,"minecraft:stick":5,"minecraft:raw_iron":66,"ecologics:walnut_log":5,"minecraft:oak_fence":6,"minecraft:torch":19,"minecraft:acacia_log":42,"minecraft:spruce_stairs":2,"sophisticatedbackpacks:backpack":1,"minecraft:porkchop":11,"minecraft:arrow":3,"minecraft:rotten_flesh":8,"minecraft:peony":2,"minecraft:hay_block":7,"minecraft:oak_chest_boat":1,"minecraft:mutton":11,"minecraft:white_wool":15,"minecraft:cobblestone":114,"ecologics:walnut_planks":3,"minecraft:cooked_beef":3,"minecraft:andesite":1,"minecraft:leather":14,"minecraft:smoker":1,"minecraft:potato":76,"minecraft:flint":1,"minecraft:oak_log":131,"minecraft:yellow_bed":7,"minecraft:gunpowder":15,"minecraft:dirt":191,"minecraft:lantern":8,"minecraft:red_carpet":12,"minecraft:bone":2,"minecraft:acacia_planks":24,"chococraft:gysahl_green":913,"minecraft:apple":1,"chococraft:gold_gysahl":27,"minecraft:orange_tulip":2,"minecraft:wheat_seeds":704,"minecraft:iron_ingot":2,"minecraft:moss_block":1,"minecraft:acacia_sapling":3,"minecraft:oak_planks":70,"minecraft:book":171,"minecraft:scaffolding":5,"minecraft:cooked_porkchop":11,"minecraft:pumpkin":13,"minecraft:gravel":7,"minecraft:stripped_spruce_log":11,"chococraft:gysahl_green_seeds":292,"minecraft:blast_furnace":1,"minecraft:white_bed":8,"minecraft:spider_eye":2,"minecraft:polished_andesite":4,"naturalist:antler":1,"minecraft:chainmail_leggings":1,"minecraft:warped_roots":4,"minecraft:emerald":1,"minecraft:oak_sapling":5,"minecraft:coal":207},"minecraft:used":{"minecraft:oak_trapdoor":3,"minecraft:moss_block":1,"minecraft:stone_sword":121,"minecraft:iron_shovel":17,"minecraft:stone_shovel":136,"minecraft:oak_sign":1,"minecraft:chest":10,"minecraft:wooden_shovel":4,"minecraft:stone_hoe":161,"minecraft:torch":47,"minecraft:dirt":97,"minecraft:acacia_sapling":2,"minecraft:oak_fence_gate":4,"minecraft:wooden_axe":49,"minecraft:iron_axe":109,"minecraft:birch_sapling":3,"ecologics:walnut_planks":3,"minecraft:red_carpet":12,"minecraft:bow":1,"minecraft:oak_sapling":5,"minecraft:furnace":2,"minecraft:potato":88,"minecraft:oak_chest_boat":1,"minecraft:wheat_seeds":312,"minecraft:cooked_mutton":8,"minecraft:water_bucket":8,"minecraft:baked_potato":4,"minecraft:stone_pickaxe":360,"minecraft:oak_planks":2,"minecraft:wooden_pickaxe":14,"minecraft:crafting_table":7,"minecraft:blast_furnace":1,"minecraft:white_bed":6,"minecraft:smoker":1,"minecraft:oak_log":2,"sophisticatedbackpacks:backpack":1,"chococraft:gysahl_green_seeds":70,"minecraft:bread":29,"sawmill:sawmill":1,"minecraft:iron_pickaxe":27,"minecraft:stone_axe":111,"minecraft:cobblestone":59,"minecraft:smithing_table":1,"minecraft:bucket":9,"minecraft:yellow_bed":5,"chococraft:gysahl_green":15,"minecraft:oak_boat":4,"minecraft:oak_fence":47},"minecraft:custom":{"minecraft:interact_with_smithing_table":1,"minecraft:mob_kills":39,"minecraft:animals_bred":1,"minecraft:interact_with_crafting_table":51,"minecraft:open_barrel":5,"minecraft:bell_ring":1,"minecraft:leave_game":2,"minecraft:time_since_death":159781,"minecraft:climb_one_cm":3558,"minecraft:sprint_one_cm":506475,"minecraft:walk_one_cm":526239,"minecraft:drop":60,"minecraft:talked_to_villager":20,"minecraft:play_time":240097,"minecraft:deaths":4,"minecraft:sneak_time":4427,"minecraft:walk_under_water_one_cm":13258,"minecraft:boat_one_cm":50625,"minecraft:jump":3705,"minecraft:interact_with_blast_furnace":8,"minecraft:walk_on_water_one_cm":37358,"minecraft:total_world_time":240097,"minecraft:interact_with_furnace":45,"minecraft:traded_with_villager":1,"minecraft:sleep_in_bed":11,"minecraft:time_since_rest":35762,"minecraft:damage_taken":2719,"minecraft:damage_dealt":5206,"minecraft:swim_one_cm":56629,"minecraft:fly_one_cm":818527,"minecraft:open_chest":138,"minecraft:crouch_one_cm":8697,"minecraft:interact_with_smoker":13,"minecraft:fall_one_cm":118346}},"DataVersion":3465}