{"stats":{"minecraft:killed_by":{"minecraft:zombie":2},"minecraft:mined":{"minecraft:grass":17,"minecraft:grass_block":4,"minecraft:dirt":5,"minecraft:tall_grass":6},"minecraft:picked_up":{"minecraft:wheat_seeds":6,"minecraft:oak_planks":2,"minecraft:dirt":26},"minecraft:dropped":{"minecraft:oak_planks":2,"minecraft:wheat_seeds":2},"minecraft:used":{"minecraft:dirt":5},"minecraft:custom":{"minecraft:time_since_rest":9735,"minecraft:open_chest":1,"minecraft:damage_taken":540,"minecraft:crouch_one_cm":868,"minecraft:sprint_one_cm":10005,"minecraft:play_time":14521,"minecraft:deaths":2,"minecraft:walk_one_cm":4535,"minecraft:sneak_time":357,"minecraft:drop":3,"minecraft:jump":107,"minecraft:leave_game":5,"minecraft:time_since_death":9709,"minecraft:total_world_time":14521,"minecraft:fall_one_cm":3274,"minecraft:fly_one_cm":22686}},"DataVersion":3465}