{"stats":{"minecraft:broken":{"minecraft:iron_pickaxe":3},"minecraft:dropped":{"minecraft:birch_planks":1,"chococraft:loverly_gysahl_green":4,"minecraft:wheat_seeds":2,"minecraft:orange_tulip":2,"minecraft:tadpole_bucket":1,"minecraft:oak_fence":1,"minecraft:cookie":1,"minecraft:cobblestone":64,"minecraft:warped_roots":1,"minecraft:cracked_stone_bricks":1,"minecraft:spruce_stairs":3,"minecraft:rail":3,"minecraft:item_frame":4,"minecraft:dirt":1,"minecraft:cornflower":2,"minecraft:sand":4,"minecraft:bucket":1,"minecraft:spruce_sapling":2,"minecraft:hanging_roots":7,"minecraft:gravel":5,"minecraft:coarse_dirt":4,"minecraft:stone_sword":2,"minecraft:tuff":10,"minecraft:potato":4,"minecraft:sea_pickle":3,"minecraft:oak_sapling":1,"minecraft:stone_brick_wall":1,"minecraft:spider_eye":1,"minecraft:spruce_slab":1,"minecraft:sandstone":25,"minecraft:blue_orchid":1,"minecraft:wooden_pickaxe":1,"minecraft:stone_pickaxe":1,"ecologics:seashell":1,"minecraft:stone_brick_stairs":1},"minecraft:crafted":{"minecraft:oak_planks":28,"minecraft:coal":72,"minecraft:birch_boat":1,"ecologics:walnut_planks":8,"minecraft:iron_hoe":1,"minecraft:spruce_slab":6,"minecraft:chest":3,"minecraft:oak_button":4,"minecraft:iron_door":3,"minecraft:birch_door":3,"minecraft:wheat":108,"minecraft:spruce_sign":3,"minecraft:crafting_table":5,"minecraft:spruce_planks":88,"minecraft:iron_helmet":1,"minecraft:spruce_door":12,"minecraft:bucket":1,"minecraft:birch_planks":36,"minecraft:bread":36,"minecraft:air":0,"minecraft:iron_chestplate":1,"minecraft:stick":52,"minecraft:iron_ingot":49,"minecraft:iron_pickaxe":3,"minecraft:iron_shovel":1,"minecraft:iron_leggings":1,"minecraft:torch":84},"minecraft:killed":{"minecraft:cave_spider":1,"minecraft:skeleton":1,"naturalist:firefly":2,"minecraft:creeper":1,"minecraft:zombie":1,"ecologics:penguin":2},"minecraft:mined":{"minecraft:tuff":10,"minecraft:deepslate_diamond_ore":7,"minecraft:spruce_planks":6,"minecraft:white_bed":6,"minecraft:candle":2,"minecraft:oak_door":1,"minecraft:cobblestone_stairs":1,"minecraft:spruce_trapdoor":15,"minecraft:spruce_fence":9,"minecraft:grass_block":26,"minecraft:stone_brick_wall":2,"sawmill:sawmill":2,"minecraft:jungle_planks":5,"minecraft:jungle_log":1,"minecraft:coal_block":8,"minecraft:spruce_leaves":6,"minecraft:composter":1,"minecraft:oak_wall_sign":1,"minecraft:rooted_dirt":4,"minecraft:sandstone":25,"minecraft:large_fern":3,"minecraft:hay_block":12,"minecraft:furnace":2,"minecraft:iron_ore":47,"minecraft:andesite":118,"minecraft:stripped_spruce_log":6,"minecraft:dark_oak_stairs":4,"minecraft:deepslate_iron_ore":56,"minecraft:rail":1,"minecraft:mossy_stone_brick_stairs":8,"chococraft:gysahl_green":21,"minecraft:oak_stairs":5,"minecraft:iron_bars":1,"minecraft:spruce_pressure_plate":2,"ecologics:walnut_log":3,"minecraft:blue_orchid":1,"minecraft:stone":193,"minecraft:spruce_slab":3,"minecraft:jungle_trapdoor":1,"minecraft:oak_slab":1,"minecraft:smoker":2,"minecraft:basalt":2,"minecraft:spruce_door":9,"minecraft:crafting_table":1,"minecraft:cornflower":1,"minecraft:torch":8,"minecraft:jungle_stairs":1,"minecraft:blast_furnace":4,"ecologics:walnut_leaves":3,"minecraft:chest":1,"minecraft:andesite_wall":9,"minecraft:stone_slab":2,"minecraft:cobblestone":25,"minecraft:tall_grass":19,"minecraft:deepslate_gold_ore":5,"minecraft:oak_planks":1,"minecraft:iron_door":4,"minecraft:wall_torch":8,"supplementaries:urn":7,"minecraft:skeleton_skull":1,"minecraft:spruce_stairs":9,"minecraft:coarse_dirt":15,"minecraft:dark_oak_slab":11,"minecraft:mossy_stone_brick_wall":1,"minecraft:cobblestone_wall":1,"ecologics:seashell":1,"minecraft:birch_log":12,"minecraft:spruce_log":25,"minecraft:birch_leaves":7,"minecraft:stone_brick_stairs":5,"minecraft:grass":12,"minecraft:coal_ore":5,"minecraft:oak_log":8,"minecraft:flower_pot":2,"minecraft:gravel":35,"minecraft:sand":4,"minecraft:dirt":16,"minecraft:cobweb":2,"minecraft:cracked_stone_bricks":14,"ecologics:walnut_planks":1,"minecraft:stone_bricks":56,"minecraft:oak_leaves":42,"minecraft:deepslate":147,"minecraft:fern":1},"minecraft:used":{"minecraft:iron_shovel":79,"ecologics:walnut_log":1,"minecraft:spruce_slab":4,"minecraft:chest":4,"minecraft:spruce_planks":5,"minecraft:iron_sword":47,"minecraft:cooked_chicken":1,"minecraft:iron_chestplate":1,"minecraft:torch":97,"minecraft:dirt":28,"minecraft:spruce_stairs":1,"minecraft:carrot":12,"minecraft:birch_door":1,"minecraft:iron_hoe":114,"minecraft:iron_axe":179,"minecraft:blue_orchid":1,"minecraft:rooted_dirt":4,"minecraft:birch_sapling":1,"minecraft:stone_brick_stairs":3,"minecraft:stone_bricks":23,"minecraft:item_frame":3,"ecologics:walnut_planks":6,"minecraft:basalt":2,"minecraft:oak_sapling":2,"minecraft:furnace":2,"minecraft:egg":1,"minecraft:potato":20,"minecraft:cooked_beef":3,"minecraft:cobbled_deepslate":1,"minecraft:iron_leggings":1,"minecraft:wheat_seeds":3,"minecraft:water_bucket":61,"minecraft:leather_leggings":1,"minecraft:diamond_boots":2,"minecraft:cobblestone_stairs":1,"minecraft:spruce_door":11,"minecraft:oak_planks":4,"minecraft:baked_potato":4,"minecraft:birch_boat":4,"minecraft:leather_chestplate":1,"minecraft:mossy_stone_brick_stairs":8,"minecraft:spruce_sign":1,"minecraft:leather_boots":1,"minecraft:cracked_stone_bricks":6,"supplementaries:bomb":1,"minecraft:crafting_table":5,"minecraft:blast_furnace":4,"minecraft:crossbow":12,"minecraft:white_bed":5,"minecraft:painting":2,"minecraft:spruce_log":7,"minecraft:smoker":2,"minecraft:cornflower":1,"minecraft:apple":23,"chococraft:gysahl_green_seeds":15,"minecraft:bread":13,"minecraft:oak_button":2,"minecraft:iron_pickaxe":757,"sawmill:sawmill":2,"minecraft:spruce_pressure_plate":3,"minecraft:leather_helmet":1,"minecraft:iron_door":6,"minecraft:gravel":3,"minecraft:spruce_sapling":2,"naturalist:glow_goop":1,"minecraft:cobblestone":43,"minecraft:bucket":62,"chococraft:gysahl_green":20,"minecraft:coarse_dirt":3,"minecraft:golden_pickaxe":18,"minecraft:cobweb":2,"minecraft:experience_bottle":1},"minecraft:picked_up":{"minecraft:crafting_table":1,"chococraft:loverly_gysahl_green":8,"minecraft:coarse_dirt":15,"minecraft:flower_pot":2,"minecraft:golden_pickaxe":1,"minecraft:stone_slab":2,"ecologics:seashell":1,"minecraft:wooden_pickaxe":1,"minecraft:oak_stairs":5,"minecraft:stone_brick_wall":2,"minecraft:enchanted_book":1,"minecraft:stone_brick_stairs":5,"minecraft:string":2,"minecraft:jungle_trapdoor":1,"minecraft:cornflower":14,"minecraft:item_frame":5,"minecraft:experience_bottle":1,"minecraft:oak_sign":2,"minecraft:blue_orchid":3,"minecraft:cracked_stone_bricks":15,"minecraft:candle":8,"minecraft:cobbled_deepslate":147,"minecraft:bucket":1,"minecraft:spruce_planks":5,"sawmill:sawmill":2,"minecraft:iron_pickaxe":1,"minecraft:spruce_slab":3,"minecraft:chest":1,"minecraft:coal_block":8,"minecraft:birch_sapling":1,"minecraft:spruce_trapdoor":15,"minecraft:egg":1,"minecraft:furnace":2,"minecraft:spruce_pressure_plate":3,"minecraft:stick":4,"minecraft:raw_iron":103,"minecraft:sandstone":25,"minecraft:oak_door":1,"ecologics:walnut_log":3,"minecraft:composter":1,"minecraft:oak_fence":1,"minecraft:torch":37,"minecraft:spruce_stairs":10,"minecraft:spruce_fence":9,"minecraft:cookie":2,"minecraft:carrot":1,"minecraft:andesite_wall":9,"minecraft:stone_sword":2,"minecraft:arrow":1,"minecraft:hay_block":12,"supplementaries:ash":11,"minecraft:tadpole_bucket":1,"minecraft:rail":3,"minecraft:skeleton_skull":1,"minecraft:cobblestone":237,"minecraft:birch_log":12,"ecologics:walnut_planks":1,"minecraft:leather_chestplate":1,"minecraft:basalt":2,"minecraft:cooked_beef":1,"minecraft:iron_door":4,"minecraft:glow_ink_sac":1,"minecraft:andesite":115,"minecraft:smoker":2,"minecraft:potato":4,"minecraft:filled_map":1,"minecraft:tuff":10,"supplementaries:flax_seeds":2,"minecraft:oak_log":7,"minecraft:gunpowder":2,"minecraft:cobblestone_wall":1,"minecraft:cobblestone_stairs":1,"minecraft:map":1,"minecraft:dirt":37,"naturalist:glow_goop":1,"minecraft:hanging_roots":13,"chococraft:gysahl_green":56,"minecraft:apple":1,"minecraft:stone_bricks":55,"minecraft:bow":1,"minecraft:orange_tulip":2,"minecraft:wheat_seeds":5,"minecraft:raw_gold":5,"minecraft:stone_pickaxe":1,"minecraft:cooked_chicken":1,"minecraft:mossy_stone_brick_wall":1,"minecraft:oak_planks":3,"minecraft:mossy_stone_brick_stairs":8,"minecraft:iron_sword":1,"minecraft:dark_oak_stairs":4,"minecraft:oak_slab":1,"minecraft:black_candle":1,"minecraft:dark_oak_slab":11,"minecraft:birch_boat":4,"minecraft:spider_eye":1,"minecraft:gravel":8,"minecraft:sand":4,"minecraft:stripped_spruce_log":6,"minecraft:spruce_sapling":4,"chococraft:gysahl_green_seeds":19,"minecraft:blast_furnace":4,"minecraft:white_bed":6,"minecraft:spruce_log":23,"minecraft:spruce_door":9,"minecraft:diamond":7,"minecraft:writable_book":1,"minecraft:emerald":7,"minecraft:warped_roots":1,"minecraft:rooted_dirt":4,"minecraft:baked_potato":4,"minecraft:oak_sapling":3,"minecraft:coal":5,"minecraft:ender_pearl":1},"minecraft:custom":{"minecraft:mob_kills":8,"minecraft:interact_with_anvil":1,"minecraft:interact_with_crafting_table":29,"minecraft:open_barrel":29,"minecraft:leave_game":2,"minecraft:time_since_death":158273,"minecraft:climb_one_cm":1531,"minecraft:sprint_one_cm":426636,"minecraft:walk_one_cm":567473,"minecraft:drop":50,"minecraft:talked_to_villager":6,"minecraft:play_time":158273,"minecraft:sneak_time":969,"minecraft:walk_under_water_one_cm":13750,"minecraft:jump":2977,"minecraft:interact_with_blast_furnace":14,"minecraft:walk_on_water_one_cm":30580,"minecraft:total_world_time":158273,"minecraft:interact_with_furnace":9,"minecraft:interact_with_stonecutter":1,"minecraft:sleep_in_bed":12,"minecraft:time_since_rest":39052,"minecraft:damage_taken":1312,"minecraft:damage_dealt":683,"minecraft:swim_one_cm":12802,"minecraft:fly_one_cm":675793,"minecraft:open_chest":96,"minecraft:crouch_one_cm":2140,"minecraft:interact_with_smoker":7,"minecraft:fall_one_cm":81274}},"DataVersion":3465}