{"stats":{"minecraft:broken":{"minecraft:stone_pickaxe":2},"minecraft:dropped":{"chococraft:gysahl_green":24},"minecraft:killed":{"minecraft:slime":17,"minecraft:creeper":1,"naturalist:finch":1,"minecraft:zombie":2,"ecologics:squirrel":1},"minecraft:crafted":{"minecraft:oak_planks":28,"minecraft:oak_sign":3,"minecraft:crafting_table":2,"minecraft:wooden_pickaxe":1,"ecologics:walnut_planks":36,"minecraft:iron_sword":1,"minecraft:furnace":2,"minecraft:bucket":1,"minecraft:stone_axe":1,"minecraft:air":0,"minecraft:diamond_pickaxe":1,"minecraft:shield":1,"minecraft:stick":32,"minecraft:iron_ingot":9,"minecraft:iron_pickaxe":1,"minecraft:stone_pickaxe":5,"minecraft:chest":2,"ecologics:walnut_boat":1,"minecraft:torch":72},"minecraft:mined":{"minecraft:deepslate_redstone_ore":18,"minecraft:large_amethyst_bud":1,"minecraft:tuff":11,"minecraft:scaffolding":1,"minecraft:deepslate_diamond_ore":16,"minecraft:soul_fire":2,"minecraft:obsidian":22,"minecraft:crafting_table":7,"minecraft:torch":2,"ecologics:walnut_leaves":1,"minecraft:tall_grass":7,"minecraft:copper_ore":12,"minecraft:cobblestone":7,"minecraft:deepslate_gold_ore":7,"minecraft:wall_torch":3,"supplementaries:urn":5,"minecraft:furnace":1,"minecraft:iron_ore":21,"minecraft:cobbled_deepslate":6,"minecraft:andesite":76,"minecraft:grass":11,"minecraft:coal_ore":99,"chococraft:gysahl_green":37,"ecologics:walnut_wall_sign":1,"minecraft:oak_log":32,"minecraft:deepslate_iron_ore":13,"minecraft:dirt":2,"ecologics:walnut_log":9,"minecraft:stone":84,"minecraft:oak_leaves":1,"minecraft:deepslate":178,"minecraft:fern":2},"minecraft:used":{"minecraft:water_bucket":44,"minecraft:stone_pickaxe":409,"minecraft:oak_sign":2,"minecraft:chest":2,"minecraft:wooden_pickaxe":34,"minecraft:iron_sword":8,"minecraft:torch":83,"minecraft:crafting_table":9,"minecraft:obsidian":2,"minecraft:oak_log":4,"minecraft:diamond_pickaxe":29,"minecraft:iron_pickaxe":106,"ecologics:walnut_boat":1,"minecraft:stone_axe":76,"minecraft:cobblestone":40,"minecraft:scaffolding":1,"minecraft:furnace":2,"minecraft:bucket":45,"minecraft:andesite":17,"chococraft:gysahl_green":56},"minecraft:picked_up":{"minecraft:crafting_table":7,"chococraft:loverly_gysahl_green":8,"ecologics:walnut":8,"minecraft:andesite":75,"minecraft:tuff":11,"minecraft:oak_log":32,"minecraft:gunpowder":2,"minecraft:raw_copper":43,"ecologics:walnut_boat":1,"minecraft:bone":4,"chococraft:gysahl_green":122,"ecologics:walnut_sapling":2,"minecraft:apple":1,"chococraft:gold_gysahl":3,"minecraft:wheat_seeds":6,"minecraft:cobbled_deepslate":183,"minecraft:raw_gold":6,"minecraft:iron_ingot":6,"minecraft:iron_nugget":26,"minecraft:furnace":1,"minecraft:egg":1,"minecraft:scaffolding":1,"minecraft:stick":5,"minecraft:raw_iron":34,"ecologics:walnut_log":9,"minecraft:torch":12,"chococraft:gysahl_green_seeds":36,"minecraft:redstone":61,"minecraft:rotten_flesh":1,"minecraft:slime_ball":11,"minecraft:diamond":16,"supplementaries:antique_ink":2,"minecraft:oak_sapling":2,"minecraft:obsidian":22,"minecraft:coal":98,"minecraft:cobblestone":89},"minecraft:custom":{"minecraft:interact_with_furnace":5,"minecraft:mob_kills":22,"minecraft:interact_with_crafting_table":19,"minecraft:open_barrel":4,"minecraft:leave_game":1,"minecraft:time_since_death":102606,"minecraft:sleep_in_bed":1,"minecraft:climb_one_cm":97,"minecraft:time_since_rest":57593,"minecraft:sprint_one_cm":159937,"minecraft:damage_taken":375,"minecraft:walk_one_cm":263577,"minecraft:drop":24,"minecraft:damage_dealt":990,"minecraft:swim_one_cm":14018,"minecraft:talked_to_villager":1,"minecraft:fly_one_cm":315181,"minecraft:open_chest":12,"minecraft:crouch_one_cm":16906,"minecraft:play_time":102606,"minecraft:sneak_time":5560,"minecraft:walk_under_water_one_cm":4862,"minecraft:jump":1612,"minecraft:walk_on_water_one_cm":31866,"minecraft:total_world_time":102606,"minecraft:fall_one_cm":44548}},"DataVersion":3465}