{"stats":{"minecraft:killed_by":{"minecraft:skeleton":1,"minecraft:creeper":1,"minecraft:zombie":1,"minecraft:pillager":1},"minecraft:used":{"minecraft:dirt":5,"minecraft:oak_planks":2},"minecraft:mined":{"minecraft:grass":3,"chococraft:gysahl_green":1,"minecraft:grass_block":2,"minecraft:dirt":3,"minecraft:tall_grass":2},"minecraft:custom":{"minecraft:open_chest":1,"minecraft:time_since_rest":3497,"minecraft:play_time":13618,"minecraft:interact_with_furnace":1,"minecraft:sprint_one_cm":39285,"minecraft:walk_one_cm":26464,"minecraft:damage_taken":1545,"minecraft:deaths":5,"minecraft:sneak_time":20,"minecraft:walk_under_water_one_cm":1915,"minecraft:mob_kills":1,"minecraft:jump":294,"minecraft:damage_dealt":124,"minecraft:leave_game":1,"minecraft:walk_on_water_one_cm":1329,"minecraft:time_since_death":3470,"minecraft:total_world_time":13618,"minecraft:swim_one_cm":9800,"minecraft:fall_one_cm":22339,"minecraft:fly_one_cm":92226},"minecraft:killed":{"naturalist:robin":1},"minecraft:picked_up":{"minecraft:feather":2,"chococraft:gysahl_green":3,"minecraft:wheat_seeds":6,"chococraft:gysahl_green_seeds":1,"minecraft:oak_planks":2,"minecraft:dirt":5}},"DataVersion":3465}