{"stats":{"minecraft:killed":{"minecraft:sheep":3,"minecraft:chicken":3,"minecraft:cow":2},"minecraft:mined":{"minecraft:lily_of_the_valley":6,"minecraft:dandelion":48,"minecraft:cornflower":17,"minecraft:crafting_table":2,"minecraft:grass_block":16,"minecraft:decorated_pot":1,"ecologics:walnut_leaves":8,"minecraft:stone_slab":3,"minecraft:cobblestone":1,"minecraft:tall_grass":290,"minecraft:white_candle":2,"minecraft:spruce_leaves":1,"minecraft:large_fern":32,"minecraft:hay_block":9,"minecraft:nether_sprouts":1,"minecraft:iron_ore":47,"minecraft:barrel":1,"minecraft:sweet_berry_bush":1,"minecraft:orange_tulip":45,"minecraft:azure_bluet":2,"minecraft:yellow_bed":4,"minecraft:red_tulip":14,"minecraft:oak_log":1,"minecraft:grass":867,"chococraft:gysahl_green":1,"minecraft:coal_ore":14,"minecraft:iron_bars":5,"minecraft:lantern":1,"minecraft:dirt":2,"minecraft:cobweb":29,"minecraft:pink_tulip":6,"ecologics:walnut_log":8,"minecraft:blue_orchid":2,"minecraft:white_tulip":34,"minecraft:stone":34,"minecraft:iron_block":1,"minecraft:oak_leaves":7,"minecraft:fern":29},"minecraft:crafted":{"minecraft:wooden_sword":1,"minecraft:crafting_table":1,"minecraft:iron_helmet":1,"minecraft:wooden_pickaxe":1,"ecologics:walnut_planks":32,"minecraft:iron_sword":1,"minecraft:orange_dye":1,"minecraft:bread":27,"minecraft:iron_boots":1,"minecraft:iron_chestplate":1,"minecraft:stick":12,"minecraft:iron_ingot":47,"minecraft:stone_pickaxe":1,"minecraft:wooden_axe":1,"minecraft:iron_leggings":1,"ecologics:walnut_sign":3,"minecraft:wheat":81},"minecraft:dropped":{"minecraft:white_tulip":27,"minecraft:orange_tulip":37,"minecraft:azure_bluet":2,"minecraft:lily_of_the_valley":5,"minecraft:filled_map":1,"minecraft:cornflower":13,"minecraft:stone_pickaxe":1,"minecraft:red_tulip":13,"minecraft:pink_tulip":6,"minecraft:dandelion":37},"minecraft:used":{"minecraft:orange_dye":1,"minecraft:cooked_mutton":4,"minecraft:white_tulip":1,"minecraft:stone_pickaxe":88,"minecraft:wooden_pickaxe":18,"minecraft:iron_sword":48,"minecraft:dirt":20,"minecraft:crafting_table":3,"minecraft:wooden_axe":5,"minecraft:apple":5,"minecraft:bread":22,"ecologics:walnut_planks":1,"minecraft:stone_brick_stairs":1,"minecraft:barrel":1,"naturalist:glow_goop":1,"minecraft:wooden_sword":30,"minecraft:sweet_berries":2,"ecologics:walnut":1,"minecraft:yellow_bed":3,"minecraft:cooked_beef":4,"ecologics:walnut_sign":3},"minecraft:picked_up":{"minecraft:wheat":1,"minecraft:crafting_table":2,"ecologics:walnut":1,"minecraft:azure_bluet":2,"minecraft:feather":4,"minecraft:cooked_beef":4,"minecraft:chicken":2,"minecraft:leather":2,"minecraft:stone_slab":3,"minecraft:potato":2,"minecraft:stone_brick_stairs":1,"minecraft:oak_log":1,"minecraft:yellow_bed":4,"minecraft:string":23,"minecraft:cornflower":15,"minecraft:dirt":28,"minecraft:paper":2,"minecraft:lantern":1,"naturalist:glow_goop":1,"minecraft:cooked_mutton":4,"minecraft:item_frame":3,"minecraft:blue_orchid":2,"minecraft:orange_tulip":38,"minecraft:wheat_seeds":136,"minecraft:cooked_chicken":2,"minecraft:beef":4,"minecraft:iron_ingot":6,"minecraft:white_tulip":29,"minecraft:stone_pickaxe":1,"minecraft:iron_sword":1,"minecraft:stick":2,"minecraft:raw_iron":47,"ecologics:walnut_log":8,"minecraft:sweet_berries":2,"minecraft:glow_item_frame":3,"minecraft:torch":1,"minecraft:dandelion":37,"chococraft:gysahl_green_seeds":1,"minecraft:polished_andesite":1,"minecraft:lily_of_the_valley":5,"minecraft:barrel":1,"minecraft:white_candle":6,"minecraft:rotten_flesh":2,"minecraft:iron_block":1,"minecraft:hay_block":9,"minecraft:red_tulip":13,"minecraft:pink_tulip":6,"minecraft:gray_wool":1,"minecraft:iron_bars":5,"minecraft:cobblestone":54,"minecraft:mutton":4,"minecraft:coal":14,"minecraft:white_wool":2},"minecraft:custom":{"minecraft:interact_with_furnace":4,"minecraft:mob_kills":8,"minecraft:interact_with_crafting_table":14,"minecraft:open_barrel":15,"minecraft:interact_with_campfire":10,"minecraft:leave_game":2,"minecraft:time_since_death":150108,"minecraft:sleep_in_bed":7,"minecraft:climb_one_cm":6501,"minecraft:time_since_rest":23886,"minecraft:sprint_one_cm":459986,"minecraft:damage_taken":943,"minecraft:walk_one_cm":689896,"minecraft:drop":10,"minecraft:damage_dealt":670,"minecraft:swim_one_cm":14817,"minecraft:talked_to_villager":3,"minecraft:fly_one_cm":684733,"minecraft:open_chest":36,"minecraft:crouch_one_cm":530,"minecraft:play_time":150108,"minecraft:sneak_time":389,"minecraft:walk_under_water_one_cm":5476,"minecraft:boat_one_cm":133970,"minecraft:jump":3081,"minecraft:interact_with_blast_furnace":19,"minecraft:walk_on_water_one_cm":9682,"minecraft:total_world_time":150108,"minecraft:fall_one_cm":80769}},"DataVersion":3465}