{"stats":{"minecraft:killed_by":{"minecraft:skeleton":1},"minecraft:used":{"chococraft:gysahl_green":3},"minecraft:mined":{"minecraft:tall_grass":1,"chococraft:gysahl_green":4,"minecraft:grass":1},"minecraft:custom":{"minecraft:jump":120,"minecraft:open_chest":1,"minecraft:time_since_rest":2425,"minecraft:deaths":1,"minecraft:sprint_one_cm":24693,"minecraft:play_time":3398,"minecraft:damage_taken":460,"minecraft:time_since_death":2387,"minecraft:walk_one_cm":8299,"minecraft:total_world_time":3398,"minecraft:fall_one_cm":6936,"minecraft:fly_one_cm":30218,"minecraft:leave_game":1},"minecraft:picked_up":{"chococraft:loverly_gysahl_green":1,"chococraft:gysahl_green_seeds":4,"chococraft:gysahl_green":8,"minecraft:wheat_seeds":1}},"DataVersion":3465}