{
  "takesapillage:root": {
    "criteria": {
      "always": "2024-06-15 00:47:01 +0000"
    },
    "done": true
  },
  "morevillagers:root": {
    "criteria": {
      "always": "2024-06-15 00:47:01 +0000"
    },
    "done": true
  },
  "incendium:technical/sentrys_wrath": {
    "criteria": {
      "log_spam_fixer": "2024-06-15 01:08:27 +0000"
    },
    "done": false
  },
  "incendium:technical/inventory/sentrys_wrath": {
    "criteria": {
      "log_spam_fixer": "2024-06-15 01:08:27 +0000"
    },
    "done": false
  },
  "supplementaries:recipes/flower_box": {
    "criteria": {
      "has_dirt": "2024-06-15 00:48:12 +0000"
    },
    "done": true
  },
  "incendium:technical/feed_ghastling": {
    "criteria": {
      "log_spam_fixer": "2024-06-15 01:08:27 +0000"
    },
    "done": false
  },
  "stellarity:cursed_tome/root": {
    "criteria": {
      "requirement": "2024-06-15 00:47:01 +0000"
    },
    "done": true
  },
  "incendium:technical/on_player_hurt": {
    "criteria": {
      "requirement": "2024-06-15 01:08:30 +0000",
      "log_spam_fixer": "2024-06-15 01:08:27 +0000"
    },
    "done": true
  },
  "minecraft:recipes/decorations/crafting_table": {
    "criteria": {
      "unlock_right_away": "2024-06-15 00:47:01 +0000"
    },
    "done": true
  },
  "naturalist:recipes/food/cooked_egg": {
    "criteria": {
      "has_eggs": "2024-06-15 00:48:10 +0000"
    },
    "done": true
  },
  "astikorcarts:recipes/supply_cart": {
    "criteria": {
      "has_wheel": "2024-06-15 00:48:10 +0000"
    },
    "done": true
  },
  "incendium:technical/firestorm": {
    "criteria": {
      "log_spam_fixer": "2024-06-15 01:08:27 +0000"
    },
    "done": false
  },
  "incendium:technical/inventory/firestorm": {
    "criteria": {
      "log_spam_fixer": "2024-06-15 01:08:27 +0000"
    },
    "done": false
  },
  "incendium:technical/new_player": {
    "criteria": {
      "requirement": "2024-06-15 00:47:01 +0000"
    },
    "done": true
  },
  "incendium:technical/give_ghastling": {
    "criteria": {
      "log_spam_fixer": "2024-06-15 01:08:27 +0000"
    },
    "done": false
  },
  "incendium:technical/on_kill": {
    "criteria": {
      "log_spam_fixer": "2024-06-15 01:08:27 +0000"
    },
    "done": false
  },
  "incendium:technical/scroll_of_returning": {
    "criteria": {
      "log_spam_fixer": "2024-06-15 00:47:01 +0000"
    },
    "done": false
  },
  "stellarity:dragons_den/cursed_tome/root": {
    "criteria": {
      "requirement": "2024-06-15 00:47:01 +0000"
    },
    "done": true
  },
  "astikorcarts:recipes/plow": {
    "criteria": {
      "has_wheel": "2024-06-15 00:48:10 +0000"
    },
    "done": true
  },
  "incendium:technical/multiplex_crossbow": {
    "criteria": {
      "log_spam_fixer": "2024-06-15 01:08:27 +0000"
    },
    "done": false
  },
  "astikorcarts:recipes/animal_cart": {
    "criteria": {
      "has_wheel": "2024-06-15 00:48:10 +0000"
    },
    "done": true
  },
  "incendium:technical/using/ragnarok": {
    "criteria": {
      "log_spam_fixer": "2024-06-15 00:47:01 +0000"
    },
    "done": false
  },
  "stellarity:events/on_death": {
    "criteria": {
      "requirement": "2024-06-15 00:48:07 +0000"
    },
    "done": true
  },
  "incendium:technical/on_inventory_change": {
    "criteria": {
      "log_spam_fixer": "2024-06-15 01:08:27 +0000"
    },
    "done": false
  },
  "incendium:technical/using/trailblazer": {
    "criteria": {
      "log_spam_fixer": "2024-06-15 00:47:01 +0000"
    },
    "done": false
  },
  "minecraft:adventure/root": {
    "criteria": {
      "killed_by_something": "2024-06-15 00:48:07 +0000"
    },
    "done": true
  },
  "minecraft:adventure/adventuring_time": {
    "criteria": {
      "minecraft:plains": "2024-06-15 00:47:01 +0000"
    },
    "done": false
  },
  "incendium:technical/holy_wrath": {
    "criteria": {
      "log_spam_fixer": "2024-06-15 01:08:27 +0000"
    },
    "done": false
  },
  "incendium:technical/on_block": {
    "criteria": {
      "log_spam_fixer": "2024-06-15 01:08:27 +0000"
    },
    "done": false
  },
  "incendium:technical/using/shield": {
    "criteria": {
      "log_spam_fixer": "2024-06-15 00:47:01 +0000"
    },
    "done": false
  },
  "DataVersion": 3465
}