{
  "takesapillage:root": {
    "criteria": {
      "always": "2024-06-12 16:35:38 +0000"
    },
    "done": true
  },
  "expanded_combat:recipes/combat/oak_plank_glaive_conditional_shaped": {
    "criteria": {
      "has_item": "2024-06-12 16:37:38 +0000"
    },
    "done": true
  },
  "morevillagers:root": {
    "criteria": {
      "always": "2024-06-12 16:35:38 +0000"
    },
    "done": true
  },
  "incendium:technical/sentrys_wrath": {
    "criteria": {
      "log_spam_fixer": "2024-06-12 16:46:40 +0000"
    },
    "done": false
  },
  "nova_structures:adventure/find_all_illager_structures": {
    "criteria": {
      "illager_camp": "2024-06-12 16:40:29 +0000"
    },
    "done": false
  },
  "incendium:technical/inventory/sentrys_wrath": {
    "criteria": {
      "log_spam_fixer": "2024-06-12 16:46:40 +0000"
    },
    "done": false
  },
  "minecraft:recipes/decorations/oak_sign": {
    "criteria": {
      "has_planks": "2024-06-12 16:37:38 +0000"
    },
    "done": true
  },
  "ecologics:recipes/ecologics/azalea_boat": {
    "criteria": {
      "in_water": "2024-06-12 16:41:22 +0000"
    },
    "done": true
  },
  "minecraft:recipes/redstone/oak_trapdoor": {
    "criteria": {
      "has_planks": "2024-06-12 16:37:38 +0000"
    },
    "done": true
  },
  "mighty_mail:recipes/decorations/oak_mail_box": {
    "criteria": {
      "has_planks": "2024-06-12 16:37:38 +0000"
    },
    "done": true
  },
  "aether:recipes/transportation/skyroot_boat": {
    "criteria": {
      "in_water": "2024-06-12 16:41:22 +0000"
    },
    "done": true
  },
  "supplementaries:recipes/flower_box": {
    "criteria": {
      "has_dirt": "2024-06-12 16:38:55 +0000"
    },
    "done": true
  },
  "chococraft:recipes/food/pickled_gysahl_raw": {
    "criteria": {
      "has_gysahl_green": "2024-06-12 16:46:38 +0000"
    },
    "done": true
  },
  "chococraft:recipes/misc/gysahl_green_to_seeds": {
    "criteria": {
      "has_gysahl_green": "2024-06-12 16:46:38 +0000"
    },
    "done": true
  },
  "supplementaries:recipes/lock_block": {
    "criteria": {
      "minecraft:planks": "2024-06-12 16:37:38 +0000"
    },
    "done": true
  },
  "incendium:technical/feed_ghastling": {
    "criteria": {
      "log_spam_fixer": "2024-06-12 16:46:40 +0000"
    },
    "done": false
  },
  "minecraft:recipes/combat/arrow": {
    "criteria": {
      "has_feather": "2024-06-12 16:46:56 +0000"
    },
    "done": true
  },
  "expanded_combat:recipes/combat/oak_plank_katana_conditional_shaped": {
    "criteria": {
      "has_item": "2024-06-12 16:37:38 +0000"
    },
    "done": true
  },
  "stellarity:cursed_tome/root": {
    "criteria": {
      "requirement": "2024-06-12 16:35:38 +0000"
    },
    "done": true
  },
  "aether:recipes/combat/golden_dart": {
    "criteria": {
      "has_feather": "2024-06-12 16:46:56 +0000"
    },
    "done": true
  },
  "incendium:technical/on_player_hurt": {
    "criteria": {
      "log_spam_fixer": "2024-06-12 16:46:40 +0000"
    },
    "done": false
  },
  "supplementaries:recipes/bed_from_feather_block": {
    "criteria": {
      "minecraft:planks": "2024-06-12 16:37:38 +0000"
    },
    "done": true
  },
  "minecraft:recipes/decorations/crafting_table": {
    "criteria": {
      "unlock_right_away": "2024-06-12 16:35:38 +0000"
    },
    "done": true
  },
  "minecraft:recipes/misc/stick": {
    "criteria": {
      "has_planks": "2024-06-12 16:37:38 +0000"
    },
    "done": true
  },
  "expanded_combat:recipes/combat/oak_plank_cutlass_conditional_shaped": {
    "criteria": {
      "has_item": "2024-06-12 16:37:38 +0000"
    },
    "done": true
  },
  "naturalist:recipes/food/cooked_egg": {
    "criteria": {
      "has_eggs": "2024-06-12 16:36:00 +0000"
    },
    "done": true
  },
  "minecraft:recipes/building_blocks/oak_stairs": {
    "criteria": {
      "has_planks": "2024-06-12 16:37:38 +0000"
    },
    "done": true
  },
  "minecraft:recipes/transportation/cherry_boat": {
    "criteria": {
      "in_water": "2024-06-12 16:41:22 +0000"
    },
    "done": true
  },
  "minecraft:recipes/decorations/oak_fence": {
    "criteria": {
      "has_planks": "2024-06-12 16:37:38 +0000"
    },
    "done": true
  },
  "astikorcarts:recipes/supply_cart": {
    "criteria": {
      "has_wheel": "2024-06-12 16:36:00 +0000"
    },
    "done": true
  },
  "chococraft:recipes/food/gysahl_cake": {
    "criteria": {
      "has_gysahl_green": "2024-06-12 16:46:38 +0000"
    },
    "done": true
  },
  "expanded_combat:recipes/combat/oak_plank_battle_staff_conditional_shaped": {
    "criteria": {
      "has_item": "2024-06-12 16:37:38 +0000"
    },
    "done": true
  },
  "incendium:technical/firestorm": {
    "criteria": {
      "log_spam_fixer": "2024-06-12 16:46:40 +0000"
    },
    "done": false
  },
  "minecraft:recipes/transportation/bamboo_raft": {
    "criteria": {
      "in_water": "2024-06-12 16:41:22 +0000"
    },
    "done": true
  },
  "supplementaries:recipes/speaker_block": {
    "criteria": {
      "minecraft:planks": "2024-06-12 16:37:38 +0000"
    },
    "done": true
  },
  "minecraft:recipes/transportation/spruce_boat": {
    "criteria": {
      "in_water": "2024-06-12 16:41:22 +0000"
    },
    "done": true
  },
  "minecraft:recipes/transportation/birch_boat": {
    "criteria": {
      "in_water": "2024-06-12 16:41:22 +0000"
    },
    "done": true
  },
  "incendium:technical/inventory/firestorm": {
    "criteria": {
      "log_spam_fixer": "2024-06-12 16:46:40 +0000"
    },
    "done": false
  },
  "expanded_combat:recipes/combat/oak_plank_claymore_conditional_shaped": {
    "criteria": {
      "has_item": "2024-06-12 16:37:38 +0000"
    },
    "done": true
  },
  "minecraft:recipes/transportation/oak_boat": {
    "criteria": {
      "in_water": "2024-06-12 16:41:22 +0000"
    },
    "done": true
  },
  "expanded_combat:recipes/combat/oak_plank_dagger_conditional_shaped": {
    "criteria": {
      "has_item": "2024-06-12 16:37:38 +0000"
    },
    "done": true
  },
  "minecraft:recipes/redstone/oak_button": {
    "criteria": {
      "has_planks": "2024-06-12 16:37:38 +0000"
    },
    "done": true
  },
  "incendium:technical/new_player": {
    "criteria": {
      "requirement": "2024-06-12 16:35:38 +0000"
    },
    "done": true
  },
  "chococraft:recipes/misc/red_gysahl": {
    "criteria": {
      "has_gysahl_green": "2024-06-12 16:46:38 +0000"
    },
    "done": true
  },
  "incendium:technical/give_ghastling": {
    "criteria": {
      "log_spam_fixer": "2024-06-12 16:46:40 +0000"
    },
    "done": false
  },
  "incendium:technical/on_kill": {
    "criteria": {
      "log_spam_fixer": "2024-06-12 16:46:40 +0000"
    },
    "done": false
  },
  "ecologics:recipes/ecologics/walnut_boat": {
    "criteria": {
      "in_water": "2024-06-12 16:41:22 +0000"
    },
    "done": true
  },
  "supplementaries:recipes/feather_block": {
    "criteria": {
      "has_feather": "2024-06-12 16:46:56 +0000"
    },
    "done": true
  },
  "minecraft:recipes/transportation/mangrove_boat": {
    "criteria": {
      "in_water": "2024-06-12 16:41:22 +0000"
    },
    "done": true
  },
  "chococraft:recipes/misc/chocopedia": {
    "criteria": {
      "has_gysahl_green": "2024-06-12 16:46:38 +0000"
    },
    "done": true
  },
  "expanded_combat:recipes/combat/oak_plank_mace_conditional_shaped": {
    "criteria": {
      "has_item": "2024-06-12 16:37:38 +0000"
    },
    "done": true
  },
  "incendium:technical/scroll_of_returning": {
    "criteria": {
      "log_spam_fixer": "2024-06-12 16:35:38 +0000"
    },
    "done": false
  },
  "stellarity:dragons_den/cursed_tome/root": {
    "criteria": {
      "requirement": "2024-06-12 16:35:38 +0000"
    },
    "done": true
  },
  "minecraft:recipes/building_blocks/oak_slab": {
    "criteria": {
      "has_planks": "2024-06-12 16:37:38 +0000"
    },
    "done": true
  },
  "supplementaries:recipes/notice_board": {
    "criteria": {
      "minecraft:planks": "2024-06-12 16:37:38 +0000"
    },
    "done": true
  },
  "astikorcarts:recipes/plow": {
    "criteria": {
      "has_wheel": "2024-06-12 16:36:00 +0000"
    },
    "done": true
  },
  "chococraft:recipes/misc/pink_gysahl": {
    "criteria": {
      "has_gysahl_green": "2024-06-12 16:46:38 +0000"
    },
    "done": true
  },
  "expanded_combat:recipes/combat/oak_plank_great_hammer_conditional_shaped": {
    "criteria": {
      "has_item": "2024-06-12 16:37:38 +0000"
    },
    "done": true
  },
  "incendium:technical/multiplex_crossbow": {
    "criteria": {
      "log_spam_fixer": "2024-06-12 16:46:40 +0000"
    },
    "done": false
  },
  "astikorcarts:recipes/animal_cart": {
    "criteria": {
      "has_wheel": "2024-06-12 16:36:00 +0000"
    },
    "done": true
  },
  "incendium:technical/using/ragnarok": {
    "criteria": {
      "log_spam_fixer": "2024-06-12 16:35:38 +0000"
    },
    "done": false
  },
  "stellarity:events/on_death": {
    "criteria": {
      "requirement": "2024-06-12 16:36:57 +0000"
    },
    "done": true
  },
  "astikorcarts:recipes/wheel": {
    "criteria": {
      "has_planks": "2024-06-12 16:37:38 +0000"
    },
    "done": true
  },
  "minecraft:recipes/redstone/oak_fence_gate": {
    "criteria": {
      "has_planks": "2024-06-12 16:37:38 +0000"
    },
    "done": true
  },
  "expanded_combat:recipes/combat/oak_plank_scythe_conditional_shaped": {
    "criteria": {
      "has_item": "2024-06-12 16:37:38 +0000"
    },
    "done": true
  },
  "incendium:technical/on_inventory_change": {
    "criteria": {
      "log_spam_fixer": "2024-06-12 16:46:40 +0000"
    },
    "done": false
  },
  "ecologics:recipes/ecologics/coconut_boat": {
    "criteria": {
      "in_water": "2024-06-12 16:41:22 +0000"
    },
    "done": true
  },
  "minecraft:recipes/redstone/oak_pressure_plate": {
    "criteria": {
      "has_planks": "2024-06-12 16:37:38 +0000"
    },
    "done": true
  },
  "expanded_combat:recipes/combat/oak_plank_flail_conditional_shaped": {
    "criteria": {
      "has_item": "2024-06-12 16:37:38 +0000"
    },
    "done": true
  },
  "minecraft:recipes/redstone/oak_door": {
    "criteria": {
      "has_planks": "2024-06-12 16:37:38 +0000"
    },
    "done": true
  },
  "supplementaries:recipes/turn_table": {
    "criteria": {
      "minecraft:planks": "2024-06-12 16:37:38 +0000"
    },
    "done": true
  },
  "ecologics:recipes/ecologics/flowering_azalea_boat": {
    "criteria": {
      "in_water": "2024-06-12 16:41:22 +0000"
    },
    "done": true
  },
  "incendium:technical/using/trailblazer": {
    "criteria": {
      "log_spam_fixer": "2024-06-12 16:35:38 +0000"
    },
    "done": false
  },
  "minecraft:recipes/transportation/acacia_boat": {
    "criteria": {
      "in_water": "2024-06-12 16:41:22 +0000"
    },
    "done": true
  },
  "minecraft:adventure/root": {
    "criteria": {
      "killed_by_something": "2024-06-12 16:36:57 +0000"
    },
    "done": true
  },
  "supplementaries:recipes/clock_block": {
    "criteria": {
      "minecraft:planks": "2024-06-12 16:37:38 +0000"
    },
    "done": true
  },
  "minecraft:adventure/adventuring_time": {
    "criteria": {
      "minecraft:beach": "2024-06-12 16:45:05 +0000",
      "minecraft:river": "2024-06-12 16:45:02 +0000",
      "minecraft:forest": "2024-06-12 16:43:56 +0000",
      "minecraft:ocean": "2024-06-12 16:41:22 +0000",
      "minecraft:plains": "2024-06-12 16:35:38 +0000"
    },
    "done": false
  },
  "minecraft:recipes/decorations/barrel": {
    "criteria": {
      "has_planks": "2024-06-12 16:37:38 +0000"
    },
    "done": true
  },
  "incendium:technical/holy_wrath": {
    "criteria": {
      "log_spam_fixer": "2024-06-12 16:46:40 +0000"
    },
    "done": false
  },
  "expanded_combat:recipes/combat/oak_plank_broad_sword_conditional_shaped": {
    "criteria": {
      "has_item": "2024-06-12 16:37:38 +0000"
    },
    "done": true
  },
  "supplementaries:recipes/pulley": {
    "criteria": {
      "minecraft:planks": "2024-06-12 16:37:38 +0000"
    },
    "done": true
  },
  "incendium:technical/on_block": {
    "criteria": {
      "log_spam_fixer": "2024-06-12 16:46:40 +0000"
    },
    "done": false
  },
  "expanded_combat:recipes/combat/oak_plank_spear_conditional_shaped": {
    "criteria": {
      "has_item": "2024-06-12 16:37:38 +0000"
    },
    "done": true
  },
  "incendium:technical/using/shield": {
    "criteria": {
      "log_spam_fixer": "2024-06-12 16:35:38 +0000"
    },
    "done": false
  },
  "expanded_combat:recipes/combat/oak_plank_sickle_conditional_shaped": {
    "criteria": {
      "has_item": "2024-06-12 16:37:38 +0000"
    },
    "done": true
  },
  "expanded_combat:recipes/combat/oak_plank_dancer_s_sword_conditional_shaped": {
    "criteria": {
      "has_item": "2024-06-12 16:37:38 +0000"
    },
    "done": true
  },
  "minecraft:recipes/transportation/jungle_boat": {
    "criteria": {
      "in_water": "2024-06-12 16:41:22 +0000"
    },
    "done": true
  },
  "minecraft:recipes/transportation/dark_oak_boat": {
    "criteria": {
      "in_water": "2024-06-12 16:41:22 +0000"
    },
    "done": true
  },
  "DataVersion": 3465
}